ddat-profession-capability-framework	ddat-profession-capability-framework-skill-type	ddat-profession-capability-framework-job-family	ddat-profession-capability-framework-role	ddat-profession-capability-framework-role-level	ddat-profession-capability-framework-skill	ddat-profession-capability-framework-level	ddat-profession-capability-framework-skill-level	start-date	end-date
2000101001	10	101	1001	1001	1002	101	10001		
2000101002	10	101	1001	1001	1012	101	10002		
2000101003	10	101	1001	1001	1015	101	10003		
2000101004	10	101	1001	1001	1046	102	10004		
2000101005	10	101	1001	1001	1061	101	10005		
2000101006	10	101	1001	1001	1090	101	10006		
2000101007	10	101	1001	1001	1098	102	10007		
2000101008	10	101	1001	1001	1136	101	10100		
2000101009	11	101	1001	1001	1016	102	10009		
2000101010	11	101	1001	1001	1017	102	10010		
2000101011	11	101	1001	1001	1049	101	10011		
2000101012	11	101	1001	1001	1070	102	10012		
2000101013	11	101	1001	1001	1119	101	10013		
2000201014	10	101	1001	1002	1002	102	10420		
2000201015	10	101	1001	1002	1013	102	10015		
2000201016	10	101	1001	1002	1015	102	10016		
2000201017	10	101	1001	1002	1046	102	10004		
2000201018	10	101	1001	1002	1061	101	10005		
2000201019	10	101	1001	1002	1090	102	10017		
2000201020	10	101	1001	1002	1098	102	10007		
2000201021	10	101	1001	1002	1136	102	10018		
2000201022	11	101	1001	1002	1016	102	10009		
2000201023	11	101	1001	1002	1017	102	10010		
2000201024	11	101	1001	1002	1049	101	10011		
2000201025	11	101	1001	1002	1070	102	10012		
2000201026	11	101	1001	1002	1119	101	10013		
2000301027	10	101	1001	1003	1002	101	10001		
2000301028	10	101	1001	1003	1012	101	10002		
2000301029	10	101	1001	1003	1015	101	10003		
2000301030	10	101	1001	1003	1046	101	10019		
2000301031	10	101	1001	1003	1061	101	10005		
2000301032	10	101	1001	1003	1090	101	10006		
2000301033	10	101	1001	1003	1098	101	10020		
2000301034	10	101	1001	1003	1136	101	10008		
2000301035	11	101	1001	1003	1016	101	10021		
2000301036	11	101	1001	1003	1017	101	10022		
2000301037	11	101	1001	1003	1049	101	10011		
2000301038	11	101	1001	1003	1070	101	10023		
2000301039	11	101	1001	1003	1119	101	10013		
2000401040	10	101	1001	1004	1002	101	10001		
2000401041	10	101	1001	1004	1012	103	10024		
2000401042	10	101	1001	1004	1015	101	10003		
2000401043	10	101	1001	1004	1046	101	10019		
2000401044	10	101	1001	1004	1061	103	10025		
2000401045	10	101	1001	1004	1090	103	10026		
2000401046	10	101	1001	1004	1098	103	10027		
2000401047	10	101	1001	1004	1136	103	10441		
2000401048	11	101	1001	1004	1016	103	10029		
2000401049	11	101	1001	1004	1017	103	10030		
2000401050	11	101	1001	1004	1049	103	10031		
2000401051	11	101	1001	1004	1070	103	10032		
2000401052	11	101	1001	1004	1119	103	10033		
2000501053	10	101	1001	1005	1002	103	10034		
2000501054	10	101	1001	1005	1012	104	10035		
2000501055	10	101	1001	1005	1015	103	10037		
2000501056	10	101	1001	1005	1046	103	10038		
2000501057	10	101	1001	1005	1061	104	10039		
2000501058	10	101	1001	1005	1090	104	10040		
2000501059	10	101	1001	1005	1098	104	10041		
2000501060	10	101	1001	1005	1136	104	10042		
2000501061	11	101	1001	1005	1016	104	10043		
2000501062	11	101	1001	1005	1017	104	10044		
2000501063	11	101	1001	1005	1049	104	10045		
2000501064	11	101	1001	1005	1070	104	10046		
2000501065	11	101	1001	1005	1119	104	10047		
2002501066	10	101	1002	1006	1021	102	10048		
2002501067	10	101	1002	1006	1023	102	10049		
2002501068	10	101	1002	1006	1027	102	10050		
2002501069	10	101	1002	1006	1052	102	10051		
2002501070	10	101	1002	1006	1065	102	10052		
2002501071	10	101	1002	1006	1066	102	10053		
2002501072	10	101	1002	1006	1068	102	10054		
2002501073	10	101	1002	1006	1077	102	10055		
2002501074	11	101	1002	1006	1001	102	10056		
2004501075	10	101	1003	1007	1001	102	10056		
2004501076	10	101	1003	1007	1023	102	10049		
2004501077	10	101	1003	1007	1066	102	10053		
2004501078	10	101	1003	1007	1068	102	10054		
2004501079	10	101	1003	1007	1077	102	10055		
2004501080	10	101	1003	1007	1109	102	10058		
2004501081	11	101	1003	1007	1021	102	10048		
2004501082	11	101	1003	1007	1052	101	10059		
2004501083	11	101	1003	1007	1065	102	10052		
2004601084	10	101	1003	1008	1001	102	10056		
2004601085	10	101	1003	1008	1023	102	10049		
2004601086	10	101	1003	1008	1066	102	10053		
2004601087	10	101	1003	1008	1068	102	10054		
2004601088	10	101	1003	1008	1077	102	10055		
2004601089	10	101	1003	1008	1109	101	10060		
2004601090	11	101	1003	1008	1021	101	10061		
2004601091	11	101	1003	1008	1052	101	10059		
2004601092	11	101	1003	1008	1065	101	10063		
2004701093	10	101	1003	1009	1001	101	10064		
2004701094	10	101	1003	1009	1023	101	10065		
2004701095	10	101	1003	1009	1066	101	10067		
2004701096	10	101	1003	1009	1068	102	10054		
2004701097	10	101	1003	1009	1077	101	10068		
2004701098	10	101	1003	1009	1109	103	10069		
2004701099	11	101	1003	1009	1021	103	10070		
2004701100	11	101	1003	1009	1052	103	10071		
2004701101	11	101	1003	1009	1065	103	10072		
2004801102	10	101	1003	1010	1001	103	10073		
2004801103	10	101	1003	1010	1023	103	10074		
2004801104	10	101	1003	1010	1066	103	10075		
2004801105	10	101	1003	1010	1068	103	10076		
2004801106	10	101	1003	1010	1077	104	10077		
2004801107	10	101	1003	1010	1109	104	10078		
2004801108	11	101	1003	1010	1021	103	10070		
2004801109	11	101	1003	1010	1052	104	10079		
2004801110	11	101	1003	1010	1065	104	10080		
2006801111	10	101	1004	1011	1002	102	10014		
2006801112	10	101	1004	1011	1053	102	10082		
2006801113	10	101	1004	1011	1065	101	10063		
2006801114	10	101	1004	1011	1074	102	10083		
2006801115	10	101	1004	1011	1079	102	10085		
2006801116	10	101	1004	1011	1100	102	10086		
2006801117	10	101	1004	1011	1136	102	10018		
2006801118	11	101	1004	1011	1041	101	10087		
2006801119	11	101	1004	1011	1082	103	10088		
2008801120	10	101	1005	1012	1002	102	10081		
2008801121	10	101	1005	1012	1065	102	10052		
2008801122	10	101	1005	1012	1074	102	10083		
2008801123	10	101	1005	1012	1079	102	10085		
2008801124	10	101	1005	1012	1082	102	10089		
2008801125	10	101	1005	1012	1100	102	10086		
2008801126	10	101	1005	1012	1136	102	10018		
2008801127	11	101	1005	1012	1041	102	10090		
2008801128	11	101	1005	1012	1053	101	10091		
2008801129	11	101	1005	1012	1127	102	10092		
2008901130	10	101	1005	1013	1002	102	10014		
2008901131	10	101	1005	1013	1065	101	10063		
2008901132	10	101	1005	1013	1074	102	10083		
2008901133	10	101	1005	1013	1079	102	10085		
2008901134	10	101	1005	1013	1082	102	10089		
2008901135	10	101	1005	1013	1100	102	10086		
2008901136	10	101	1005	1013	1136	102	10018		
2008901137	11	101	1005	1013	1041	102	10090		
2008901138	11	101	1005	1013	1053	101	10091		
2008901139	11	101	1005	1013	1127	102	10092		
2009001140	10	101	1005	1014	1002	102	10420		
2009001141	10	101	1005	1014	1065	102	10052		
2009001142	10	101	1005	1014	1074	102	10083		
2009001143	10	101	1005	1014	1079	102	10085		
2009001144	10	101	1005	1014	1082	102	10089		
2009001145	10	101	1005	1014	1100	101	10093		
2009001146	10	101	1005	1014	1136	102	10018		
2009001147	11	101	1005	1014	1041	101	10087		
2009001148	11	101	1005	1014	1053	101	10091		
2009001149	11	101	1005	1014	1127	101	10095		
2009101150	10	101	1005	1015	1002	101	10001		
2009101151	10	101	1005	1015	1065	103	10072		
2009101152	10	101	1005	1015	1074	101	10096		
2009101153	10	101	1005	1015	1079	101	10097		
2009101154	10	101	1005	1015	1082	101	10098		
2009101155	10	101	1005	1015	1100	101	10093		
2009101156	10	101	1005	1015	1136	101	10008		
2009101157	11	101	1005	1015	1041	103	10101		
2009101158	11	101	1005	1015	1053	101	10091		
2009101159	11	101	1005	1015	1127	103	10102		
2009201160	10	101	1005	1016	1002	104	10461		
2009201161	10	101	1005	1016	1065	104	10080		
2009201162	10	101	1005	1016	1074	104	10104		
2009201163	10	101	1005	1016	1079	103	10105		
2009201164	10	101	1005	1016	1082	104	10106		
2009201165	10	101	1005	1016	1100	103	10107		
2009201166	10	101	1005	1016	1136	103	10243		
2009201167	11	101	1005	1016	1041	104	10110		
2009201168	11	101	1005	1016	1053	104	10111		
2009201169	11	101	1005	1016	1127	104	10112		
2409201170	10	102	1006	1017	1008	102	10113		
2409201171	10	102	1006	1017	1067	102	10114		
2409201172	10	102	1006	1017	1124	102	10115		
2409201173	10	102	1006	1017	1131	102	10116		
2409201174	11	102	1006	1017	1055	102	10117		
2409201175	11	102	1006	1017	1103	102	10118		
2409301176	10	102	1006	1018	1008	102	10113		
2409301177	10	102	1006	1018	1067	101	10119		
2409301178	10	102	1006	1018	1124	102	10115		
2409301179	10	102	1006	1018	1131	101	10120		
2409301180	11	102	1006	1018	1055	101	10121		
2409301181	11	102	1006	1018	1103	101	10122		
2409401182	10	102	1006	1019	1008	101	10123		
2409401183	10	102	1006	1019	1067	103	10124		
2409401184	10	102	1006	1019	1124	101	10125		
2409401185	10	102	1006	1019	1131	103	10126		
2409401186	11	102	1006	1019	1055	101	10121		
2409401187	11	102	1006	1019	1103	103	10127		
2409501188	10	102	1006	1020	1008	103	10128		
2409501189	10	102	1006	1020	1067	103	10124		
2409501190	10	102	1006	1020	1124	103	10099		
2409501191	10	102	1006	1020	1131	103	10126		
2409501192	11	102	1006	1020	1055	103	10129		
2409501193	11	102	1006	1020	1103	103	10127		
2409601194	10	102	1006	1021	1008	103	10128		
2409601195	10	102	1006	1021	1067	104	10036		
2409601196	10	102	1006	1021	1124	103	10099		
2409601197	10	102	1006	1021	1131	104	10130		
2409601198	11	102	1006	1021	1055	104	10131		
2409601199	11	102	1006	1021	1103	104	10132		
2411601200	10	102	1007	1022					
2413601201	10	102	1008	1023	1010	102	10133		
2413601202	10	102	1008	1023	1056	102	10134		
2413601203	10	102	1008	1023	1063	102	10135		
2413601204	10	102	1008	1023	1104	101	10136		
2413601205	10	102	1008	1023	1105	102	10137		
2413601206	10	102	1008	1023	1121	101	10138		
2413701207	10	102	1008	1024	1010	101	10139		
2413701208	10	102	1008	1024	1056	101	10140		
2413701209	10	102	1008	1024	1063	101	10141		
2413701210	10	102	1008	1024	1104	101	10136		
2413701211	10	102	1008	1024	1105	101	10142		
2413701212	10	102	1008	1024	1122	101	10143		
2413801213	10	102	1008	1025	1010	104	10144		
2413801214	10	102	1008	1025	1056	104	10145		
2413801215	10	102	1008	1025	1063	103	10146		
2413801216	10	102	1008	1025	1104	104	10147		
2413801217	10	102	1008	1025	1105	103	10224		
2413801218	10	102	1008	1025	1122	103	10149		
2415801219	10	102	1009	1026	1025	102	10150		
2415801220	10	102	1009	1026	1042	102	10151		
2415801221	10	102	1009	1026	1048	102	10152		
2415801222	10	102	1009	1026	1091	101	10153		
2415801223	10	102	1009	1026	1097	102	10154		
2415801224	11	102	1009	1026	1003	102	10155		
2415801225	11	102	1009	1026	1130	102	10156		
2415901226	10	102	1009	1027	1025	101	10157		
2415901227	10	102	1009	1027	1042	101	10158		
2415901228	10	102	1009	1027	1048	101	10159		
2415901229	10	102	1009	1027	1091	101	10153		
2415901230	10	102	1009	1027	1097	102	10154		
2415901231	11	102	1009	1027	1003	101	10160		
2415901232	11	102	1009	1027	1130	101	10161		
2416001233	10	102	1009	1028	1025	101	10157		
2416001234	10	102	1009	1028	1042	103	10162		
2416001235	10	102	1009	1028	1048	103	10163		
2416001236	10	102	1009	1028	1091	103	10164		
2416001237	10	102	1009	1028	1097	103	10165		
2416001238	11	102	1009	1028	1003	103	10166		
2416001239	11	102	1009	1028	1130	103	10167		
2418001240	10	102	1010	1029	1024	102	10168		
2418001241	10	102	1010	1029	1038	102	10169		
2418001242	10	102	1010	1029	1040	102	10170		
2418001243	10	102	1010	1029	1069	102	10171		
2418001244	10	102	1010	1029	1123	102	10172		
2418001245	11	102	1010	1029	1031	103	10173		
2418001246	11	102	1010	1029	1032	101	10174		
2418001247	11	102	1010	1029	1035	102	10175		
2418001248	11	102	1010	1029	1036	101	10109		
2418001249	11	102	1010	1029	1080	102	10066		
2418001250	11	102	1010	1029	1102	102	10176		
2418101251	10	102	1010	1030	1024	101	10177		
2418101252	10	102	1010	1030	1038	101	10178		
2418101253	10	102	1010	1030	1040	101	10179		
2418101254	10	102	1010	1030	1069	101	10180		
2418101255	10	102	1010	1030	1123	101	10181		
2418101256	11	102	1010	1030	1031	103	10173		
2418101257	11	102	1010	1030	1032	103	10182		
2418101258	11	102	1010	1030	1035	101	10183		
2418101259	11	102	1010	1030	1036	103	10184		
2418101260	11	102	1010	1030	1080	101	10185		
2418101261	11	102	1010	1030	1102	103	10186		
2418201262	10	102	1010	1031	1024	103	10187		
2418201263	10	102	1010	1031	1038	103	10188		
2418201264	10	102	1010	1031	1040	103	10189		
2418201265	10	102	1010	1031	1069	103	10190		
2418201266	10	102	1010	1031	1123	103	10191		
2418201267	11	102	1010	1031	1031	103	10173		
2418201268	11	102	1010	1031	1032	104	10192		
2418201269	11	102	1010	1031	1035	103	10193		
2418201270	11	102	1010	1031	1036	104	10194		
2418201271	11	102	1010	1031	1080	103	10195		
2418201272	11	102	1010	1031	1102	104	10196		
2420201273	10	102	1011	1032	1044	102	10197		
2420201274	10	102	1011	1032	1071	102	10198		
2420201275	10	102	1011	1032	1085	101	10199		
2420201276	10	102	1011	1032	1095	101	10200		
2420201277	10	102	1011	1032	1106	102	10201		
2420201278	10	102	1011	1032	1107	101	10084		
2420201279	10	102	1011	1032	1136	101	10008		
2420201280	11	102	1011	1032	1007	101	10202		
2420201281	11	102	1011	1032	1060	102	10203		
2420201282	11	102	1011	1032	1087	102	10204		
2420301283	10	102	1011	1033	1045	101	10205		
2420301284	10	102	1011	1033	1071	102	10198		
2420301285	10	102	1011	1033	1086	102	10207		
2420301286	10	102	1011	1033	1095	101	10200		
2420301287	10	102	1011	1033	1105	102	10137		
2420301288	10	102	1011	1033	1108	101	10208		
2420301289	10	102	1011	1033	1136	101	10008		
2420301290	11	102	1011	1033	1007	103	10209		
2420301291	11	102	1011	1033	1059	102	10211		
2420301292	11	102	1011	1033	1087	102	10204		
2420401293	10	102	1011	1034	1044	101	10212		
2420401294	10	102	1011	1034	1071	102	10263		
2420401295	10	102	1011	1034	1085	101	10199		
2420401296	10	102	1011	1034	1095	101	10200		
2420401297	10	102	1011	1034	1106	101	10213		
2420401298	10	102	1011	1034	1107	101	10084		
2420401299	10	102	1011	1034	1136	101	10100		
2420401300	11	102	1011	1034	1007	101	10253		
2420401301	11	102	1011	1034	1060	101	10214		
2420401302	11	102	1011	1034	1087	101	10215		
2420501303	10	102	1011	1035	1045	103	10216		
2420501304	10	102	1011	1035	1071	102	10206		
2420501305	10	102	1011	1035	1086	102	10207		
2420501306	10	102	1011	1035	1095	101	10200		
2420501307	10	102	1011	1035	1105	101	10142		
2420501308	10	102	1011	1035	1108	101	10208		
2420501309	10	102	1011	1035	1136	101	10008		
2420501310	11	102	1011	1035	1007	103	10209		
2420501311	11	102	1011	1035	1059	101	10218		
2420501312	11	102	1011	1035	1087	101	10215		
2420601313	10	102	1011	1036	1044	103	10219		
2420601314	10	102	1011	1036	1071	101	10220		
2420601315	10	102	1011	1036	1085	101	10199		
2420601316	10	102	1011	1036	1095	101	10200		
2420601317	10	102	1011	1036	1106	101	10213		
2420601318	10	102	1011	1036	1107	101	10084		
2420601319	10	102	1011	1036	1136	101	10100		
2420601320	11	102	1011	1036	1007	101	10253		
2420601321	11	102	1011	1036	1060	101	10214		
2420601322	11	102	1011	1036	1087	101	10215		
2420701323	10	102	1011	1037	1045	103	10216		
2420701324	10	102	1011	1037	1071	101	10220		
2420701325	10	102	1011	1037	1086	101	10210		
2420701326	10	102	1011	1037	1095	101	10200		
2420701327	10	102	1011	1037	1105	101	10142		
2420701328	10	102	1011	1037	1108	101	10208		
2420701329	10	102	1011	1037	1136	101	10100		
2420701330	11	102	1011	1037	1007	103	10209		
2420701331	11	102	1011	1037	1059	101	10218		
2420701332	11	102	1011	1037	1087	101	10215		
2420801333	10	102	1011	1038	1045	104	10222		
2420801334	10	102	1011	1038	1071	101	10220		
2420801335	10	102	1011	1038	1086	101	10210		
2420801336	10	102	1011	1038	1095	103	10223		
2420801337	10	102	1011	1038	1105	103	10224		
2420801338	10	102	1011	1038	1108	103	10225		
2420801339	10	102	1011	1038	1136	101	10008		
2420801340	11	102	1011	1038	1007	103	10209		
2420801341	11	102	1011	1038	1059	101	10218		
2420801342	11	102	1011	1038	1087	101	10215		
2420901343	10	102	1011	1039	1071	103	10226		
2420901344	10	102	1011	1039	1086	103	10227		
2420901345	10	102	1011	1039	1095	103	10223		
2420901346	10	102	1011	1039	1105	104	10228		
2420901347	10	102	1011	1039	1108	104	10229		
2420901348	10	102	1011	1039	1136	104	10042		
2420901349	11	102	1011	1039	1007	104	10230		
2420901350	11	102	1011	1039	1059	103	10231		
2420901351	11	102	1011	1039	1087	103	10232		
2421001352	10	102	1011	1040	1071	104	10233		
2421001353	10	102	1011	1040	1086	103	10227		
2421001354	10	102	1011	1040	1095	104	10234		
2421001355	10	102	1011	1040	1136	104	10042		
2421001356	11	102	1011	1040	1007	104	10230		
2421001357	11	102	1011	1040	1059	104	10235		
2421001358	11	102	1011	1040	1087	104	10236		
2423001359	10	102	1012	1041	1044	102	10197		
2423001360	10	102	1012	1041	1071	102	10198		
2423001361	10	102	1012	1041	1085	101	10199		
2423001362	10	102	1012	1041	1095	101	10200		
2423001363	10	102	1012	1041	1106	101	10213		
2423001364	10	102	1012	1041	1107	101	10237		
2423001365	10	102	1012	1041	1136	101	10100		
2423001366	11	102	1012	1041	1007	102	10238		
2423001367	11	102	1012	1041	1060	102	10203		
2423001368	11	102	1012	1041	1087	102	10204		
2423101369	10	102	1012	1042	1045	101	10205		
2423101370	10	102	1012	1042	1071	102	10198		
2423101371	10	102	1012	1042	1086	101	10210		
2423101372	10	102	1012	1042	1095	102	10217		
2423101373	10	102	1012	1042	1105	101	10142		
2423101374	10	102	1012	1042	1108	102	10239		
2423101375	10	102	1012	1042	1136	101	10100		
2423101376	11	102	1012	1042	1007	101	10202		
2423101377	11	102	1012	1042	1059	102	10211		
2423101378	11	102	1012	1042	1087	102	10204		
2423201379	10	102	1012	1043	1044	101	10212		
2423201380	10	102	1012	1043	1071	102	10198		
2423201381	10	102	1012	1043	1085	101	10199		
2423201382	10	102	1012	1043	1095	101	10200		
2423201383	10	102	1012	1043	1106	101	10213		
2423201384	10	102	1012	1043	1107	101	10237		
2423201385	10	102	1012	1043	1136	101	10100		
2423201386	11	102	1012	1043	1007	101	10202		
2423201387	11	102	1012	1043	1060	101	10214		
2423201388	11	102	1012	1043	1087	101	10215		
2423301389	10	102	1012	1044	1045	103	10216		
2423301390	10	102	1012	1044	1071	102	10206		
2423301391	10	102	1012	1044	1086	101	10210		
2423301392	10	102	1012	1044	1095	102	10217		
2423301393	10	102	1012	1044	1105	101	10142		
2423301394	10	102	1012	1044	1108	102	10239		
2423301395	10	102	1012	1044	1136	101	10100		
2423301396	11	102	1012	1044	1007	103	10209		
2423301397	11	102	1012	1044	1059	101	10218		
2423301398	11	102	1012	1044	1087	101	10215		
2423401399	10	102	1012	1045	1044	101	10212		
2423401400	10	102	1012	1045	1071	101	10220		
2423401401	10	102	1012	1045	1085	101	10199		
2423401402	10	102	1012	1045	1095	101	10200		
2423401403	10	102	1012	1045	1106	101	10213		
2423401404	10	102	1012	1045	1107	101	10237		
2423401405	10	102	1012	1045	1136	101	10100		
2423401406	11	102	1012	1045	1007	101	10253		
2423401407	11	102	1012	1045	1060	101	10214		
2423401408	11	102	1012	1045	1087	101	10215		
2423501409	10	102	1012	1046	1045	103	10216		
2423501410	10	102	1012	1046	1071	101	10220		
2423501411	10	102	1012	1046	1086	101	10210		
2423501412	10	102	1012	1046	1095	102	10217		
2423501413	10	102	1012	1046	1105	101	10142		
2423501414	10	102	1012	1046	1108	101	10208		
2423501415	10	102	1012	1046	1136	101	10008		
2423501416	11	102	1012	1046	1007	103	10209		
2423501417	11	102	1012	1046	1059	101	10218		
2423501418	11	102	1012	1046	1087	101	10215		
2423601419	10	102	1012	1047	1045	104	10222		
2423601420	10	102	1012	1047	1071	103	10226		
2423601421	10	102	1012	1047	1086	101	10210		
2423601422	10	102	1012	1047	1095	101	10200		
2423601423	10	102	1012	1047	1105	103	10148		
2423601424	10	102	1012	1047	1108	103	10225		
2423601425	10	102	1012	1047	1136	103	10243		
2423601426	11	102	1012	1047	1007	103	10209		
2423601427	11	102	1012	1047	1059	101	10218		
2423601428	11	102	1012	1047	1087	101	10215		
2423701429	10	102	1012	1048	1071	103	10226		
2423701430	10	102	1012	1048	1086	103	10227		
2423701431	10	102	1012	1048	1095	103	10223		
2423701432	10	102	1012	1048	1105	104	10228		
2423701433	10	102	1012	1048	1108	104	10229		
2423701434	10	102	1012	1048	1136	104	10042		
2423701435	11	102	1012	1048	1007	104	10230		
2423701436	11	102	1012	1048	1059	103	10231		
2423701437	11	102	1012	1048	1087	103	10232		
2423801438	10	102	1012	1049	1071	104	10233		
2423801439	10	102	1012	1049	1086	104	10244		
2423801440	10	102	1012	1049	1095	104	10234		
2423801441	11	102	1012	1049	1007	104	10230		
2423801442	11	102	1012	1049	1059	104	10235		
2423801443	11	102	1012	1049	1087	104	10236		
2425801444	10	102	1013	1050	1018	101	10245		
2425801445	10	102	1013	1050	1057	101	10246		
2425801446	10	102	1013	1050	1075	101	10247		
2425801447	10	102	1013	1050	1078	101	10248		
2425801448	10	102	1013	1050	1093	101	10249		
2425801449	10	102	1013	1050	1112	102	10250		
2425801450	10	102	1013	1050	1118	102	10251		
2425801451	10	102	1013	1050	1129	101	10221		
2425801452	10	102	1013	1050	1136	102	10018		
2425801453	11	102	1013	1050	1006	101	10252		
2425801454	11	102	1013	1050	1007	101	10202		
2425801455	11	102	1013	1050	1009	101	10254		
2425801456	11	102	1013	1050	1020	103	10255		
2425801457	11	102	1013	1050	1028	101	10256		
2425901458	10	102	1013	1051	1059	101	10218		
2425901459	10	102	1013	1051	1062	102	10257		
2425901460	10	102	1013	1051	1075	101	10247		
2425901461	10	102	1013	1051	1081	103	10258		
2425901462	10	102	1013	1051	1093	103	10057		
2425901463	10	102	1013	1051	1105	101	10142		
2425901464	10	102	1013	1051	1108	102	10239		
2425901465	10	102	1013	1051	1113	102	10259		
2425901466	10	102	1013	1051	1118	101	10277		
2425901467	10	102	1013	1051	1121	102	10261		
2425901468	11	102	1013	1051	1019	103	10262		
2425901469	11	102	1013	1051	1071	102	10263		
2426001470	10	102	1013	1052	1059	103	10231		
2426001471	10	102	1013	1052	1062	101	10264		
2426001472	10	102	1013	1052	1075	103	10265		
2426001473	10	102	1013	1052	1081	103	10258		
2426001474	10	102	1013	1052	1093	103	10057		
2426001475	10	102	1013	1052	1105	101	10142		
2426001476	10	102	1013	1052	1108	101	10208		
2426001477	10	102	1013	1052	1113	101	10240		
2426001478	10	102	1013	1052	1118	103	10241		
2426001479	10	102	1013	1052	1121	101	10138		
2426001480	11	102	1013	1052	1019	104	10266		
2426001481	11	102	1013	1052	1071	101	10220		
2426101482	10	102	1013	1053	1059	104	10235		
2426101483	10	102	1013	1053	1062	103	10267		
2426101484	10	102	1013	1053	1075	103	10265		
2426101485	10	102	1013	1053	1081	104	10268		
2426101486	10	102	1013	1053	1093	103	10057		
2426101487	10	102	1013	1053	1105	103	10224		
2426101488	10	102	1013	1053	1108	103	10225		
2426101489	10	102	1013	1053	1113	103	10269		
2426101490	10	102	1013	1053	1118	104	10270		
2426101491	10	102	1013	1053	1121	103	10271		
2426101492	11	102	1013	1053	1019	104	10266		
2426101493	11	102	1013	1053	1071	103	10226		
2426201494	10	102	1013	1054	1059	104	10235		
2426201495	10	102	1013	1054	1062	104	10272		
2426201496	10	102	1013	1054	1075	104	10273		
2426201497	10	102	1013	1054	1081	104	10268		
2426201498	10	102	1013	1054	1105	104	10228		
2426201499	10	102	1013	1054	1108	104	10229		
2426201500	10	102	1013	1054	1113	104	10274		
2426201501	10	102	1013	1054	1121	104	10275		
2426201502	11	102	1013	1054	1071	104	10233		
2428201503	10	102	1014	1055					
2828201504	10	103	1015	1056	1018	101	10245		
2828201505	10	103	1015	1056	1057	101	10246		
2828201506	10	103	1015	1056	1075	101	10247		
2828201507	10	103	1015	1056	1078	101	10248		
2828201508	10	103	1015	1056	1093	101	10249		
2828201509	10	103	1015	1056	1112	102	10250		
2828201510	10	103	1015	1056	1118	102	10251		
2828201511	10	103	1015	1056	1129	101	10221		
2828201512	10	103	1015	1056	1136	101	10100		
2828201513	11	103	1015	1056	1006	101	10252		
2828201514	11	103	1015	1056	1007	101	10253		
2828201515	11	103	1015	1056	1009	101	10254		
2828201516	11	103	1015	1056	1028	101	10256		
2828301517	10	103	1015	1057	1018	101	10245		
2828301518	10	103	1015	1057	1057	101	10246		
2828301519	10	103	1015	1057	1075	101	10247		
2828301520	10	103	1015	1057	1078	103	10276		
2828301521	10	103	1015	1057	1093	103	10057		
2828301522	10	103	1015	1057	1112	101	10242		
2828301523	10	103	1015	1057	1118	101	10277		
2828301524	10	103	1015	1057	1129	103	10278		
2828301525	10	103	1015	1057	1136	101	10100		
2828301526	11	103	1015	1057	1006	103	10279		
2828301527	11	103	1015	1057	1007	103	10209		
2828301528	11	103	1015	1057	1009	103	10280		
2828301529	11	103	1015	1057	1028	103	10281		
2828401530	10	103	1015	1058	1018	103	10282		
2828401531	10	103	1015	1058	1057	103	10283		
2828401532	10	103	1015	1058	1075	103	10265		
2828401533	10	103	1015	1058	1078	103	10276		
2828401534	10	103	1015	1058	1093	103	10057		
2828401535	10	103	1015	1058	1112	103	10284		
2828401536	10	103	1015	1058	1118	103	10241		
2828401537	10	103	1015	1058	1129	104	10321		
2828401538	10	103	1015	1058	1136	103	10108		
2828401539	11	103	1015	1058	1006	103	10296		
2828401540	11	103	1015	1058	1007	103	10209		
2828401541	11	103	1015	1058	1009	103	10280		
2828401542	11	103	1015	1058	1028	103	10281		
2828501543	10	103	1015	1059	1018	104	10286		
2828501544	10	103	1015	1059	1057	104	10287		
2828501545	10	103	1015	1059	1075	103	10265		
2828501546	10	103	1015	1059	1078	104	10292		
2828501547	10	103	1015	1059	1093	103	10057		
2828501548	10	103	1015	1059	1112	104	10289		
2828501549	10	103	1015	1059	1118	104	10270		
2828501550	10	103	1015	1059	1129	104	10321		
2828501551	10	103	1015	1059	1136	103	10243		
2828501552	11	103	1015	1059	1006	103	10279		
2828501553	11	103	1015	1059	1007	103	10209		
2828501554	11	103	1015	1059	1009	104	10290		
2828501555	11	103	1015	1059	1028	104	10291		
2828601556	10	103	1015	1060	1057	104	10287		
2828601557	10	103	1015	1060	1075	104	10273		
2828601558	10	103	1015	1060	1078	104	10288		
2828601559	10	103	1015	1060	1136	104	10042		
2830601560	10	103	1016	1061	1018	101	10245		
2830601561	10	103	1016	1061	1057	101	10246		
2830601562	10	103	1016	1061	1075	101	10247		
2830601563	10	103	1016	1061	1078	101	10248		
2830601564	10	103	1016	1061	1093	101	10249		
2830601565	10	103	1016	1061	1112	102	10250		
2830601566	10	103	1016	1061	1118	102	10251		
2830601567	10	103	1016	1061	1129	101	10221		
2830601568	10	103	1016	1061	1136	102	10018		
2830601569	11	103	1016	1061	1006	101	10252		
2830601570	11	103	1016	1061	1007	101	10253		
2830601571	11	103	1016	1061	1009	101	10254		
2830601572	11	103	1016	1061	1020	103	10255		
2830601573	11	103	1016	1061	1028	101	10256		
2830701574	10	103	1016	1062	1018	101	10245		
2830701575	10	103	1016	1062	1057	101	10246		
2830701576	10	103	1016	1062	1075	101	10247		
2830701577	10	103	1016	1062	1078	103	10276		
2830701578	10	103	1016	1062	1093	103	10057		
2830701579	10	103	1016	1062	1112	101	10242		
2830701580	10	103	1016	1062	1118	101	10260		
2830701581	10	103	1016	1062	1129	103	10278		
2830701582	10	103	1016	1062	1136	101	10008		
2830701583	11	103	1016	1062	1006	103	10296		
2830701584	11	103	1016	1062	1007	103	10209		
2830701585	11	103	1016	1062	1009	103	10280		
2830701586	11	103	1016	1062	1020	103	10255		
2830701587	11	103	1016	1062	1028	103	10281		
2830801588	10	103	1016	1063	1018	103	10282		
2830801589	10	103	1016	1063	1057	103	10283		
2830801590	10	103	1016	1063	1075	103	10265		
2830801591	10	103	1016	1063	1078	103	10276		
2830801592	10	103	1016	1063	1093	103	10057		
2830801593	10	103	1016	1063	1112	103	10284		
2830801594	10	103	1016	1063	1118	103	10241		
2830801595	10	103	1016	1063	1129	104	10094		
2830801596	10	103	1016	1063	1136	103	10108		
2830801597	11	103	1016	1063	1006	103	10296		
2830801598	11	103	1016	1063	1007	103	10209		
2830801599	11	103	1016	1063	1009	103	10280		
2830801600	11	103	1016	1063	1020	104	10293		
2830801601	11	103	1016	1063	1028	103	10281		
2830901602	10	103	1016	1064	1018	104	10286		
2830901603	10	103	1016	1064	1057	104	10287		
2830901604	10	103	1016	1064	1075	103	10265		
2830901605	10	103	1016	1064	1078	104	10288		
2830901606	10	103	1016	1064	1093	103	10057		
2830901607	10	103	1016	1064	1112	104	10289		
2830901608	10	103	1016	1064	1118	104	10270		
2830901609	10	103	1016	1064	1129	104	10321		
2830901610	10	103	1016	1064	1136	103	10441		
2830901611	11	103	1016	1064	1006	103	10296		
2830901612	11	103	1016	1064	1007	103	10209		
2830901613	11	103	1016	1064	1009	104	10290		
2830901614	11	103	1016	1064	1020	104	10293		
2830901615	11	103	1016	1064	1028	104	10317		
2831001616	10	103	1016	1065	1057	104	10287		
2831001617	10	103	1016	1065	1075	104	10273		
2831001618	10	103	1016	1065	1078	104	10288		
2831001619	10	103	1016	1065	1136	104	10042		
2833001620	10	103	1017	1066	1018	101	10245		
2833001621	10	103	1017	1066	1057	101	10246		
2833001622	10	103	1017	1066	1075	101	10247		
2833001623	10	103	1017	1066	1078	101	10248		
2833001624	10	103	1017	1066	1093	101	10249		
2833001625	10	103	1017	1066	1094	101	10294		
2833001626	10	103	1017	1066	1112	102	10250		
2833001627	10	103	1017	1066	1118	102	10251		
2833001628	10	103	1017	1066	1129	101	10221		
2833001629	10	103	1017	1066	1136	102	10018		
2833001630	11	103	1017	1066	1006	101	10252		
2833001631	11	103	1017	1066	1009	103	10280		
2833001632	11	103	1017	1066	1028	101	10256		
2833101633	10	103	1017	1067	1018	101	10245		
2833101634	10	103	1017	1067	1057	101	10246		
2833101635	10	103	1017	1067	1075	101	10247		
2833101636	10	103	1017	1067	1078	103	10276		
2833101637	10	103	1017	1067	1093	103	10057		
2833101638	10	103	1017	1067	1094	103	10295		
2833101639	10	103	1017	1067	1112	101	10242		
2833101640	10	103	1017	1067	1118	101	10260		
2833101641	10	103	1017	1067	1129	103	10278		
2833101642	10	103	1017	1067	1136	101	10100		
2833101643	11	103	1017	1067	1006	103	10296		
2833101644	11	103	1017	1067	1009	103	10280		
2833101645	11	103	1017	1067	1028	103	10281		
2833201646	10	103	1017	1068	1018	103	10282		
2833201647	10	103	1017	1068	1057	103	10283		
2833201648	10	103	1017	1068	1075	103	10265		
2833201649	10	103	1017	1068	1078	103	10276		
2833201650	10	103	1017	1068	1093	103	10057		
2833201651	10	103	1017	1068	1094	103	10295		
2833201652	10	103	1017	1068	1112	103	10284		
2833201653	10	103	1017	1068	1118	103	10241		
2833201654	10	103	1017	1068	1129	104	10094		
2833201655	10	103	1017	1068	1136	103	10243		
2833201656	11	103	1017	1068	1006	103	10279		
2833201657	11	103	1017	1068	1009	103	10280		
2833201658	11	103	1017	1068	1028	103	10285		
2833301659	10	103	1017	1069	1018	104	10286		
2833301660	10	103	1017	1069	1057	104	10287		
2833301661	10	103	1017	1069	1075	103	10265		
2833301662	10	103	1017	1069	1078	104	10292		
2833301663	10	103	1017	1069	1093	103	10057		
2833301664	10	103	1017	1069	1094	104	10298		
2833301665	10	103	1017	1069	1112	104	10289		
2833301666	10	103	1017	1069	1118	104	10270		
2833301667	10	103	1017	1069	1129	104	10094		
2833301668	10	103	1017	1069	1136	103	10441		
2833301669	11	103	1017	1069	1006	103	10296		
2833301670	11	103	1017	1069	1009	104	10290		
2833301671	11	103	1017	1069	1028	104	10317		
2833401672	10	103	1017	1070	1057	104	10287		
2833401673	10	103	1017	1070	1075	104	10273		
2833401674	10	103	1017	1070	1078	104	10288		
2833401675	10	103	1017	1070	1094	104	10298		
2833401676	10	103	1017	1070	1136	104	10042		
2835401677	10	103	1018	1071	1030	102	10299		
2835401678	10	103	1018	1071	1075	101	10247		
2835401679	10	103	1018	1071	1078	101	10248		
2835401680	10	103	1018	1071	1093	101	10249		
2835401681	10	103	1018	1071	1094	102	10300		
2835401682	10	103	1018	1071	1129	103	10278		
2835401683	10	103	1018	1071	1136	102	10018		
2835401684	11	103	1018	1071	1006	104	10301		
2835401685	11	103	1018	1071	1009	103	10280		
2835401686	11	103	1018	1071	1028	101	10256		
2835501687	10	103	1018	1072	1030	102	10299		
2835501688	10	103	1018	1072	1075	101	10247		
2835501689	10	103	1018	1072	1078	103	10276		
2835501690	10	103	1018	1072	1093	103	10057		
2835501691	10	103	1018	1072	1094	101	10294		
2835501692	10	103	1018	1072	1129	103	10278		
2835501693	10	103	1018	1072	1136	101	10008		
2835501694	11	103	1018	1072	1006	104	10301		
2835501695	11	103	1018	1072	1009	103	10280		
2835501696	11	103	1018	1072	1028	103	10285		
2835601697	10	103	1018	1073	1030	101	10297		
2835601698	10	103	1018	1073	1075	103	10265		
2835601699	10	103	1018	1073	1078	104	10288		
2835601700	10	103	1018	1073	1093	103	10057		
2835601701	10	103	1018	1073	1094	103	10295		
2835601702	10	103	1018	1073	1129	104	10321		
2835601703	10	103	1018	1073	1136	103	10028		
2835601704	11	103	1018	1073	1006	104	10301		
2835601705	11	103	1018	1073	1009	104	10302		
2835601706	11	103	1018	1073	1028	103	10281		
2835701707	10	103	1018	1074	1030	103	10303		
2835701708	10	103	1018	1074	1075	103	10265		
2835701709	10	103	1018	1074	1093	104	10304		
2835701710	10	103	1018	1074	1094	103	10295		
2835701711	10	103	1018	1074	1136	104	10042		
2835701712	11	103	1018	1074	1006	104	10301		
2835701713	11	103	1018	1074	1009	104	10302		
2835701714	11	103	1018	1074	1028	104	10291		
2837701715	10	103	1019	1075	1014	101	10305		
2837701716	10	103	1019	1075	1075	101	10247		
2837701717	10	103	1019	1075	1089	102	10306		
2837701718	10	103	1019	1075	1093	102	10307		
2837701719	10	103	1019	1075	1094	101	10294		
2837701720	10	103	1019	1075	1101	102	10308		
2837701721	10	103	1019	1075	1129	102	10309		
2837701722	10	103	1019	1075	1136	102	10018		
2837701723	11	103	1019	1075	1006	102	10310		
2837701724	11	103	1019	1075	1009	101	10254		
2837701725	11	103	1019	1075	1028	101	10256		
2837801726	10	103	1019	1076	1014	101	10305		
2837801727	10	103	1019	1076	1075	101	10247		
2837801728	10	103	1019	1076	1089	101	10311		
2837801729	10	103	1019	1076	1093	101	10249		
2837801730	10	103	1019	1076	1094	101	10294		
2837801731	10	103	1019	1076	1101	101	10312		
2837801732	10	103	1019	1076	1129	101	10221		
2837801733	10	103	1019	1076	1136	101	10008		
2837801734	11	103	1019	1076	1006	101	10252		
2837801735	11	103	1019	1076	1009	103	10280		
2837801736	11	103	1019	1076	1028	101	10256		
2837901737	10	103	1019	1077	1014	103	10313		
2837901738	10	103	1019	1077	1075	103	10265		
2837901739	10	103	1019	1077	1089	103	10314		
2837901740	10	103	1019	1077	1093	101	10249		
2837901741	10	103	1019	1077	1094	103	10295		
2837901742	10	103	1019	1077	1101	103	10315		
2837901743	10	103	1019	1077	1129	103	10278		
2837901744	10	103	1019	1077	1136	103	10441		
2837901745	11	103	1019	1077	1006	103	10296		
2837901746	11	103	1019	1077	1009	103	10280		
2837901747	11	103	1019	1077	1028	103	10281		
2838001748	10	103	1019	1078	1014	104	10316		
2838001749	10	103	1019	1078	1075	103	10265		
2838001750	10	103	1019	1078	1089	103	10314		
2838001751	10	103	1019	1078	1093	104	10304		
2838001752	10	103	1019	1078	1094	103	10295		
2838001753	10	103	1019	1078	1101	103	10315		
2838001754	10	103	1019	1078	1129	104	10094		
2838001755	10	103	1019	1078	1136	103	10243		
2838001756	11	103	1019	1078	1006	104	10301		
2838001757	11	103	1019	1078	1009	104	10290		
2838001758	11	103	1019	1078	1028	104	10317		
2840001759	10	103	1020	1079	1014	102	10318		
2840001760	10	103	1020	1079	1075	101	10247		
2840001761	10	103	1020	1079	1089	102	10306		
2840001762	10	103	1020	1079	1093	101	10249		
2840001763	10	103	1020	1079	1094	101	10294		
2840001764	10	103	1020	1079	1101	101	10312		
2840001765	10	103	1020	1079	1129	103	10278		
2840001766	10	103	1020	1079	1136	102	10018		
2840001767	11	103	1020	1079	1006	104	10301		
2840001768	11	103	1020	1079	1009	101	10254		
2840001769	11	103	1020	1079	1028	101	10256		
2840101770	10	103	1020	1080	1014	101	10305		
2840101771	10	103	1020	1080	1075	101	10247		
2840101772	10	103	1020	1080	1089	101	10311		
2840101773	10	103	1020	1080	1093	103	10057		
2840101774	10	103	1020	1080	1094	103	10295		
2840101775	10	103	1020	1080	1101	103	10315		
2840101776	10	103	1020	1080	1129	103	10278		
2840101777	10	103	1020	1080	1136	101	10100		
2840101778	11	103	1020	1080	1006	104	10301		
2840101779	11	103	1020	1080	1009	101	10254		
2840101780	11	103	1020	1080	1028	103	10281		
2840201781	10	103	1020	1081	1014	103	10313		
2840201782	10	103	1020	1081	1075	103	10265		
2840201783	10	103	1020	1081	1089	101	10311		
2840201784	10	103	1020	1081	1093	103	10057		
2840201785	10	103	1020	1081	1094	103	10295		
2840201786	10	103	1020	1081	1101	103	10315		
2840201787	10	103	1020	1081	1129	104	10094		
2840201788	10	103	1020	1081	1136	103	10243		
2840201789	11	103	1020	1081	1006	104	10301		
2840201790	11	103	1020	1081	1009	103	10280		
2840201791	11	103	1020	1081	1028	103	10285		
2842201792	10	103	1021	1082	1018	103	10282		
2842201793	10	103	1021	1082	1027	101	10320		
2842201794	10	103	1021	1082	1057	101	10246		
2842201795	10	103	1021	1082	1075	101	10247		
2842201796	10	103	1021	1082	1078	103	10276		
2842201797	10	103	1021	1082	1093	101	10249		
2842201798	10	103	1021	1082	1129	104	10094		
2842201799	10	103	1021	1082	1136	101	10008		
2842201800	11	103	1021	1082	1006	104	10301		
2842201801	11	103	1021	1082	1007	103	10209		
2842201802	11	103	1021	1082	1009	103	10280		
2842201803	11	103	1021	1082	1028	103	10285		
2842201804	11	103	1021	1082	1029	103	10322		
2842301805	10	103	1021	1083	1018	104	10286		
2842301806	10	103	1021	1083	1027	103	10323		
2842301807	10	103	1021	1083	1057	103	10283		
2842301808	10	103	1021	1083	1075	103	10265		
2842301809	10	103	1021	1083	1078	103	10276		
2842301810	10	103	1021	1083	1093	103	10057		
2842301811	10	103	1021	1083	1129	104	10094		
2842301812	10	103	1021	1083	1136	103	10441		
2842301813	11	103	1021	1083	1006	104	10301		
2842301814	11	103	1021	1083	1007	104	10230		
2842301815	11	103	1021	1083	1009	104	10302		
2842301816	11	103	1021	1083	1028	104	10291		
2842301817	11	103	1021	1083	1029	104	10324		
2844301818	10	103	1022	1084	1018	103	10282		
2844301819	10	103	1022	1084	1027	101	10320		
2844301820	10	103	1022	1084	1057	101	10246		
2844301821	10	103	1022	1084	1075	101	10247		
2844301822	10	103	1022	1084	1078	101	10248		
2844301823	10	103	1022	1084	1093	101	10249		
2844301824	10	103	1022	1084	1129	104	10321		
2844301825	10	103	1022	1084	1136	103	10243		
2844301826	11	103	1022	1084	1006	104	10301		
2844301827	11	103	1022	1084	1007	103	10209		
2844301828	11	103	1022	1084	1009	103	10280		
2844301829	11	103	1022	1084	1028	101	10256		
2844301830	11	103	1022	1084	1029	103	10322		
2844401831	10	103	1022	1085	1018	104	10286		
2844401832	10	103	1022	1085	1027	103	10323		
2844401833	10	103	1022	1085	1057	103	10283		
2844401834	10	103	1022	1085	1075	103	10265		
2844401835	10	103	1022	1085	1078	103	10276		
2844401836	10	103	1022	1085	1093	103	10057		
2844401837	10	103	1022	1085	1129	104	10094		
2844401838	10	103	1022	1085	1136	103	10108		
2844401839	11	103	1022	1085	1006	104	10301		
2844401840	11	103	1022	1085	1007	103	10209		
2844401841	11	103	1022	1085	1009	104	10290		
2844401842	11	103	1022	1085	1028	103	10285		
2844401843	11	103	1022	1085	1029	104	10324		
2846401844	10	103	1023	1086	1018	102	10325		
2846401845	10	103	1023	1086	1027	101	10320		
2846401846	10	103	1023	1086	1057	103	10283		
2846401847	10	103	1023	1086	1075	103	10265		
2846401848	10	103	1023	1086	1078	103	10276		
2846401849	10	103	1023	1086	1093	103	10057		
2846401850	10	103	1023	1086	1129	104	10321		
2846401851	10	103	1023	1086	1136	103	10243		
2846401852	11	103	1023	1086	1006	102	10310		
2846401853	11	103	1023	1086	1007	103	10209		
2846401854	11	103	1023	1086	1009	103	10280		
2846401855	11	103	1023	1086	1028	103	10285		
2846401856	11	103	1023	1086	1029	104	10324		
2846501857	10	103	1023	1087	1018	103	10282		
2846501858	10	103	1023	1087	1027	103	10323		
2846501859	10	103	1023	1087	1057	104	10287		
2846501860	10	103	1023	1087	1075	104	10273		
2846501861	10	103	1023	1087	1078	104	10292		
2846501862	10	103	1023	1087	1093	104	10304		
2846501863	10	103	1023	1087	1129	104	10321		
2846501864	10	103	1023	1087	1136	104	10042		
2846501865	11	103	1023	1087	1006	103	10279		
2846501866	11	103	1023	1087	1007	104	10230		
2846501867	11	103	1023	1087	1009	104	10302		
2846501868	11	103	1023	1087	1028	104	10317		
2846501869	11	103	1023	1087	1029	104	10324		
2846601870	10	103	1023	1088	1018	104	10286		
2846601871	10	103	1023	1088	1027	103	10323		
2846601872	10	103	1023	1088	1057	104	10287		
2846601873	10	103	1023	1088	1075	104	10273		
2846601874	10	103	1023	1088	1078	104	10288		
2846601875	10	103	1023	1088	1093	104	10304		
2846601876	10	103	1023	1088	1129	104	10321		
2846601877	10	103	1023	1088	1136	104	10042		
2846601878	11	103	1023	1088	1006	103	10296		
2846601879	11	103	1023	1088	1007	104	10230		
2846601880	11	103	1023	1088	1009	104	10302		
2846601881	11	103	1023	1088	1028	104	10317		
2846601882	11	103	1023	1088	1029	104	10324		
2848601883	10	103	1024	1089	1018	101	10245		
2848601884	10	103	1024	1089	1027	101	10320		
2848601885	10	103	1024	1089	1057	101	10246		
2848601886	10	103	1024	1089	1075	101	10247		
2848601887	10	103	1024	1089	1078	101	10248		
2848601888	10	103	1024	1089	1093	101	10249		
2848601889	10	103	1024	1089	1129	101	10221		
2848601890	10	103	1024	1089	1136	102	10018		
2848601891	11	103	1024	1089	1006	101	10252		
2848601892	11	103	1024	1089	1007	101	10202		
2848601893	11	103	1024	1089	1009	102	10326		
2848601894	11	103	1024	1089	1028	101	10256		
2848601895	11	103	1024	1089	1029	103	10322		
2848701896	10	103	1024	1090	1018	101	10245		
2848701897	10	103	1024	1090	1027	101	10320		
2848701898	10	103	1024	1090	1057	101	10246		
2848701899	10	103	1024	1090	1075	101	10247		
2848701900	10	103	1024	1090	1078	103	10276		
2848701901	10	103	1024	1090	1093	101	10249		
2848701902	10	103	1024	1090	1129	103	10278		
2848701903	10	103	1024	1090	1136	101	10100		
2848701904	11	103	1024	1090	1006	103	10296		
2848701905	11	103	1024	1090	1007	103	10209		
2848701906	11	103	1024	1090	1009	101	10254		
2848701907	11	103	1024	1090	1028	101	10256		
2848701908	11	103	1024	1090	1029	103	10322		
2848801909	10	103	1024	1091	1018	103	10282		
2848801910	10	103	1024	1091	1027	103	10323		
2848801911	10	103	1024	1091	1057	103	10283		
2848801912	10	103	1024	1091	1075	103	10265		
2848801913	10	103	1024	1091	1078	103	10276		
2848801914	10	103	1024	1091	1093	103	10057		
2848801915	10	103	1024	1091	1129	104	10321		
2848801916	10	103	1024	1091	1136	103	10441		
2848801917	11	103	1024	1091	1006	103	10279		
2848801918	11	103	1024	1091	1007	103	10209		
2848801919	11	103	1024	1091	1009	103	10280		
2848801920	11	103	1024	1091	1028	103	10285		
2848801921	11	103	1024	1091	1029	104	10324		
2848901922	10	103	1024	1092	1018	104	10286		
2848901923	10	103	1024	1092	1027	103	10323		
2848901924	10	103	1024	1092	1057	104	10287		
2848901925	10	103	1024	1092	1075	103	10265		
2848901926	10	103	1024	1092	1078	104	10288		
2848901927	10	103	1024	1092	1093	103	10057		
2848901928	10	103	1024	1092	1129	104	10321		
2848901929	10	103	1024	1092	1136	103	10441		
2848901930	11	103	1024	1092	1006	104	10301		
2848901931	11	103	1024	1092	1007	103	10209		
2848901932	11	103	1024	1092	1009	104	10290		
2848901933	11	103	1024	1092	1028	103	10281		
2848901934	11	103	1024	1092	1029	104	10324		
2850901935	10	103	1025	1093	1018	101	10245		
2850901936	10	103	1025	1093	1027	101	10320		
2850901937	10	103	1025	1093	1057	103	10283		
2850901938	10	103	1025	1093	1075	101	10247		
2850901939	10	103	1025	1093	1078	103	10276		
2850901940	10	103	1025	1093	1093	102	10307		
2850901941	10	103	1025	1093	1129	103	10278		
2850901942	10	103	1025	1093	1136	101	10100		
2850901943	11	103	1025	1093	1006	103	10296		
2850901944	11	103	1025	1093	1007	101	10253		
2850901945	11	103	1025	1093	1009	103	10280		
2850901946	11	103	1025	1093	1028	103	10285		
2850901947	11	103	1025	1093	1029	104	10324		
2851001948	10	103	1025	1094	1018	103	10282		
2851001949	10	103	1025	1094	1027	103	10323		
2851001950	10	103	1025	1094	1057	103	10283		
2851001951	10	103	1025	1094	1075	103	10265		
2851001952	10	103	1025	1094	1078	103	10276		
2851001953	10	103	1025	1094	1093	101	10249		
2851001954	10	103	1025	1094	1129	103	10278		
2851001955	10	103	1025	1094	1136	103	10028		
2851001956	11	103	1025	1094	1006	103	10296		
2851001957	11	103	1025	1094	1007	103	10209		
2851001958	11	103	1025	1094	1009	103	10280		
2851001959	11	103	1025	1094	1028	103	10285		
2851001960	11	103	1025	1094	1029	104	10324		
2851101961	10	103	1025	1095	1018	103	10282		
2851101962	10	103	1025	1095	1027	103	10323		
2851101963	10	103	1025	1095	1057	104	10287		
2851101964	10	103	1025	1095	1075	103	10265		
2851101965	10	103	1025	1095	1078	104	10288		
2851101966	10	103	1025	1095	1093	103	10057		
2851101967	10	103	1025	1095	1129	104	10321		
2851101968	10	103	1025	1095	1136	103	10028		
2851101969	11	103	1025	1095	1006	104	10301		
2851101970	11	103	1025	1095	1007	103	10209		
2851101971	11	103	1025	1095	1009	104	10302		
2851101972	11	103	1025	1095	1028	103	10285		
2851101973	11	103	1025	1095	1029	104	10324		
2851201974	10	103	1025	1096	1018	104	10286		
2851201975	10	103	1025	1096	1027	104	10327		
2851201976	10	103	1025	1096	1057	104	10287		
2851201977	10	103	1025	1096	1075	104	10273		
2851201978	10	103	1025	1096	1078	104	10288		
2851201979	10	103	1025	1096	1093	103	10057		
2851201980	10	103	1025	1096	1129	104	10094		
2851201981	10	103	1025	1096	1136	103	10108		
2851201982	11	103	1025	1096	1006	104	10301		
2851201983	11	103	1025	1096	1007	104	10230		
2851201984	11	103	1025	1096	1009	104	10302		
2851201985	11	103	1025	1096	1028	103	10285		
2851201986	11	103	1025	1096	1029	104	10324		
3251201987	10	104	1026	1097	1054	101	10328		
3251201988	10	104	1026	1097	1117	101	10335		
3251201989	11	104	1026	1097	1072	104	10330		
3251201990	11	104	1026	1097	1110	101	10331		
3251301991	10	104	1026	1098	1054	101	10328		
3251301992	10	104	1026	1098	1117	101	10345		
3251301993	11	104	1026	1098	1072	104	10330		
3251301994	11	104	1026	1098	1110	101	10331		
3253301995	10	104	1027	1099	1054	102	10332		
3253301996	10	104	1027	1099	1117	102	10333		
3253301997	11	104	1027	1099	1072	103	10334		
3253301998	11	104	1027	1099	1110	101	10331		
3253401999	10	104	1027	1100	1054	101	10328		
3253402000	10	104	1027	1100	1117	101	10335		
3253402001	11	104	1027	1100	1073	101	10336		
3253402002	11	104	1027	1100	1111	101	10337		
3253502003	10	104	1027	1101	1054	103	10338		
3253502004	10	104	1027	1101	1117	103	10339		
3253502005	11	104	1027	1101	1072	104	10330		
3253502006	11	104	1027	1101	1110	104	10340		
3253602007	10	104	1027	1102	1054	104	10341		
3253602008	10	104	1027	1102	1117	104	10342		
3253602009	11	104	1027	1102	1072	104	10330		
3253602010	11	104	1027	1102	1110	104	10340		
3255602011	10	104	1028	1103	1054	102	10332		
3255602012	10	104	1028	1103	1072	102	10343		
3255602013	10	104	1028	1103	1110	102	10344		
3255602014	10	104	1028	1103	1117	101	10345		
3255702015	10	104	1028	1104	1054	101	10328		
3255702016	10	104	1028	1104	1072	101	10346		
3255702017	10	104	1028	1104	1110	101	10331		
3255702018	10	104	1028	1104	1117	101	10335		
3255802019	10	104	1028	1105	1054	103	10338		
3255802020	10	104	1028	1105	1072	103	10334		
3255802021	10	104	1028	1105	1110	103	10347		
3255802022	10	104	1028	1105	1117	103	10339		
3255902023	10	104	1028	1106	1054	104	10341		
3255902024	10	104	1028	1106	1072	104	10330		
3255902025	10	104	1028	1106	1110	104	10340		
3255902026	10	104	1028	1106	1117	104	10342		
3655902027	10	105	1029	1107	1024	102	10168		
3655902028	10	105	1029	1107	1031	101	10349		
3655902029	10	105	1029	1107	1033	102	10350		
3655902030	10	105	1029	1107	1037	102	10351		
3655902031	10	105	1029	1107	1038	103	10188		
3655902032	10	105	1029	1107	1083	102	10352		
3655902033	10	105	1029	1107	1116	102	10353		
3655902034	10	105	1029	1107	1118	103	10241		
3655902035	11	105	1029	1107	1036	102	10348		
3655902036	11	105	1029	1107	1069	102	10171		
3655902037	11	105	1029	1107	1080	102	10066		
3656002038	10	105	1029	1108	1024	101	10177		
3656002039	10	105	1029	1108	1031	101	10349		
3656002040	10	105	1029	1108	1033	102	10350		
3656002041	10	105	1029	1108	1037	102	10351		
3656002042	10	105	1029	1108	1038	102	10169		
3656002043	10	105	1029	1108	1083	101	10354		
3656002044	10	105	1029	1108	1116	101	10355		
3656002045	10	105	1029	1108	1118	103	10241		
3656002046	11	105	1029	1108	1036	101	10109		
3656002047	11	105	1029	1108	1069	101	10180		
3656002048	11	105	1029	1108	1080	101	10185		
3656102049	11	105	1029	1153	1036	103	10184		
3656102050	11	105	1029	1153	1069	101	10180		
3656102051	11	105	1029	1153	1080	103	10195		
3656202052	10	105	1029	1109	1024	104	10356		
3656202053	10	105	1029	1109	1031	103	10173		
3656202054	10	105	1029	1109	1033	103	10357		
3656202055	10	105	1029	1109	1037	103	10358		
3656202056	10	105	1029	1109	1038	103	10188		
3656202057	10	105	1029	1109	1083	103	10359		
3656202058	10	105	1029	1109	1116	103	10360		
3656202059	10	105	1029	1109	1118	104	10270		
3656202060	11	105	1029	1109	1036	104	10194		
3656202061	11	105	1029	1109	1069	103	10190		
3656202062	11	105	1029	1109	1080	104	10361		
3658202063	10	105	1030	1110	1005	101	10362		
3658202064	10	105	1030	1110	1034	101	10364		
3658202065	10	105	1030	1110	1039	101	10365		
3658202066	10	105	1030	1110	1043	102	10366		
3658202067	10	105	1030	1110	1047	102	10367		
3658202068	10	105	1030	1110	1084	103	10368		
3658202069	10	105	1030	1110	1126	101	10369		
3658302070	10	105	1030	1111	1005	102	10370		
3658302071	10	105	1030	1111	1034	102	10371		
3658302072	10	105	1030	1111	1039	102	10372		
3658302073	10	105	1030	1111	1043	101	10363		
3658302074	10	105	1030	1111	1047	101	10373		
3658302075	10	105	1030	1111	1084	101	10374		
3658302076	10	105	1030	1111	1126	102	10375		
3658402077	10	105	1030	1112	1005	101	10362		
3658402078	10	105	1030	1112	1034	101	10364		
3658402079	10	105	1030	1112	1039	101	10365		
3658402080	10	105	1030	1112	1043	101	10363		
3658402081	10	105	1030	1112	1047	101	10373		
3658402082	10	105	1030	1112	1084	101	10374		
3658402083	10	105	1030	1112	1126	101	10369		
3658502084	10	105	1030	1113	1005	103	10376		
3658502085	10	105	1030	1113	1034	103	10377		
3658502086	10	105	1030	1113	1039	103	10378		
3658502087	10	105	1030	1113	1043	103	10379		
3658502088	10	105	1030	1113	1047	103	10380		
3658502089	10	105	1030	1113	1084	103	10368		
3658502090	10	105	1030	1113	1126	103	10381		
3658602091	10	105	1030	1114	1005	104	10382		
3658602092	10	105	1030	1114	1034	104	10384		
3658602093	10	105	1030	1114	1039	104	10385		
3658602094	10	105	1030	1114	1043	104	10386		
3658602095	10	105	1030	1114	1047	104	10387		
3658602096	10	105	1030	1114	1084	104	10388		
3658602097	10	105	1030	1114	1126	104	10389		
3660602098	10	105	1031	1115	1011	102	10390		
3660602099	10	105	1031	1115	1022	102	10391		
3660602100	10	105	1031	1115	1076	102	10392		
3660602101	10	105	1031	1115	1132	101	10393		
3660602102	10	105	1031	1115	1137	102	10383		
3660602103	11	105	1031	1115	1125	102	10394		
3660602104	11	105	1031	1115	1128	102	10395		
3660602105	11	105	1031	1115	1133	102	10396		
3660702106	10	105	1031	1116	1011	102	10390		
3660702107	10	105	1031	1116	1022	102	10391		
3660702108	10	105	1031	1116	1076	102	10392		
3660702109	10	105	1031	1116	1132	102	10397		
3660702110	10	105	1031	1116	1137	102	10383		
3660702111	11	105	1031	1116	1125	102	10394		
3660702112	11	105	1031	1116	1128	102	10395		
3660702113	11	105	1031	1116	1133	102	10396		
3660802114	10	105	1031	1117	1011	101	10398		
3660802115	10	105	1031	1117	1022	101	10399		
3660802116	10	105	1031	1117	1076	101	10400		
3660802117	10	105	1031	1117	1132	101	10393		
3660802118	10	105	1031	1117	1137	101	10401		
3660802119	11	105	1031	1117	1125	101	10402		
3660802120	11	105	1031	1117	1128	101	10403		
3660802121	11	105	1031	1117	1133	101	10404		
3660902122	10	105	1031	1118	1011	103	10405		
3660902123	10	105	1031	1118	1022	103	10406		
3660902124	10	105	1031	1118	1076	103	10407		
3660902125	10	105	1031	1118	1132	101	10393		
3660902126	10	105	1031	1118	1137	103	10408		
3660902127	11	105	1031	1118	1125	103	10409		
3660902128	11	105	1031	1118	1128	103	10410		
3660902129	11	105	1031	1118	1133	103	10411		
3661002130	10	105	1031	1119	1011	104	10412		
3661002131	10	105	1031	1119	1022	103	10406		
3661002132	10	105	1031	1119	1076	104	10413		
3661002133	10	105	1031	1119	1132	103	10414		
3661002134	10	105	1031	1119	1137	104	10415		
3661002135	11	105	1031	1119	1125	104	10416		
3661002136	11	105	1031	1119	1128	104	10417		
3661002137	11	105	1031	1119	1133	104	10418		
4061002138	10	106	1032	1120	1098	102	10007		
4061002139	10	106	1032	1120	1101	102	10308		
4061002140	10	106	1032	1120	1135	102	10419		
4061002141	10	106	1032	1120	1136	102	10018		
4061002142	11	106	1032	1120	1002	102	10014		
4061002143	11	106	1032	1120	1087	104	10236		
4061102144	10	106	1032	1121	1098	102	10007		
4061102145	10	106	1032	1121	1101	102	10308		
4061102146	10	106	1032	1121	1135	102	10419		
4061102147	10	106	1032	1121	1136	102	10018		
4061102148	11	106	1032	1121	1002	102	10081		
4061102149	11	106	1032	1121	1087	103	10232		
4061202150	10	106	1032	1122	1098	101	10020		
4061202151	10	106	1032	1122	1101	102	10308		
4061202152	10	106	1032	1122	1135	101	10421		
4061202153	10	106	1032	1122	1136	101	10100		
4061202154	11	106	1032	1122	1002	101	10001		
4061202155	11	106	1032	1122	1087	101	10215		
4061302156	10	106	1032	1123	1098	103	10027		
4061302157	10	106	1032	1123	1101	101	10312		
4061302158	10	106	1032	1123	1135	103	10422		
4061302159	10	106	1032	1123	1136	103	10108		
4061302160	11	106	1032	1123	1002	101	10001		
4061302161	11	106	1032	1123	1087	103	10232		
4061402162	10	106	1032	1124	1098	104	10041		
4061402163	10	106	1032	1124	1101	103	10315		
4061402164	10	106	1032	1124	1135	104	10423		
4061402165	10	106	1032	1124	1136	104	10042		
4061402166	11	106	1032	1124	1002	103	10034		
4061402167	11	106	1032	1124	1087	104	10236		
4061502168	10	106	1032	1125	1098	104	10041		
4061502169	10	106	1032	1125	1101	104	10424		
4061502170	10	106	1032	1125	1135	104	10423		
4061502171	10	106	1032	1125	1136	104	10042		
4061502172	11	106	1032	1125	1002	103	10034		
4061502173	11	106	1032	1125	1087	104	10236		
4063502174	10	106	1033	1126	1098	102	10007		
4063502175	10	106	1033	1126	1101	102	10308		
4063502176	10	106	1033	1126	1114	101	10425		
4063502177	10	106	1033	1126	1135	102	10419		
4063502178	10	106	1033	1126	1136	102	10018		
4063502179	11	106	1033	1126	1002	101	10001		
4063502180	11	106	1033	1126	1087	103	10232		
4063602181	10	106	1033	1127	1098	101	10020		
4063602182	10	106	1033	1127	1101	102	10308		
4063602183	10	106	1033	1127	1114	101	10425		
4063602184	10	106	1033	1127	1135	101	10421		
4063602185	10	106	1033	1127	1136	102	10018		
4063602186	11	106	1033	1127	1002	101	10001		
4063602187	11	106	1033	1127	1087	103	10232		
4065602188	10	106	1034	1128	1098	102	10007		
4065602189	10	106	1034	1128	1101	102	10308		
4065602190	10	106	1034	1128	1135	101	10421		
4065602191	10	106	1034	1128	1136	102	10018		
4065602192	11	106	1034	1128	1002	101	10001		
4065602193	11	106	1034	1128	1087	103	10232		
4067602194	10	106	1035	1129	1026	102	10426		
4067602195	10	106	1035	1129	1046	102	10004		
4067602196	10	106	1035	1129	1050	102	10427		
4067602197	10	106	1035	1129	1064	102	10428		
4067602198	10	106	1035	1129	1087	102	10204		
4067602199	10	106	1035	1129	1088	101	10429		
4067602200	10	106	1035	1129	1120	101	10430		
4067602201	10	106	1035	1129	1127	102	10092		
4067602202	10	106	1035	1129	1136	102	10018		
4067602203	11	106	1035	1129	1002	102	10081		
4067602204	11	106	1035	1129	1027	102	10050		
4067602205	11	106	1035	1129	1101	102	10308		
4067702206	10	106	1035	1130	1026	102	10426		
4067702207	10	106	1035	1130	1046	101	10019		
4067702208	10	106	1035	1130	1050	102	10427		
4067702209	10	106	1035	1130	1064	102	10428		
4067702210	10	106	1035	1130	1087	102	10204		
4067702211	10	106	1035	1130	1088	101	10429		
4067702212	10	106	1035	1130	1120	101	10430		
4067702213	10	106	1035	1130	1127	101	10095		
4067702214	10	106	1035	1130	1136	102	10018		
4067702215	11	106	1035	1130	1002	102	10081		
4067702216	11	106	1035	1130	1027	101	10320		
4067702217	11	106	1035	1130	1101	102	10308		
4067802218	10	106	1035	1131	1026	101	10455		
4067802219	10	106	1035	1131	1046	101	10019		
4067802220	10	106	1035	1131	1050	102	10427		
4067802221	10	106	1035	1131	1064	101	10433		
4067802222	10	106	1035	1131	1087	102	10204		
4067802223	10	106	1035	1131	1088	101	10429		
4067802224	10	106	1035	1131	1120	102	10434		
4067802225	10	106	1035	1131	1127	103	10102		
4067802226	10	106	1035	1131	1136	102	10018		
4067802227	11	106	1035	1131	1002	101	10001		
4067802228	11	106	1035	1131	1027	101	10320		
4067802229	11	106	1035	1131	1101	102	10308		
4067902230	10	106	1035	1132	1026	101	10455		
4067902231	10	106	1035	1132	1046	103	10038		
4067902232	10	106	1035	1132	1050	101	10435		
4067902233	10	106	1035	1132	1064	103	10436		
4067902234	10	106	1035	1132	1087	101	10215		
4067902235	10	106	1035	1132	1088	101	10429		
4067902236	10	106	1035	1132	1120	101	10430		
4067902237	10	106	1035	1132	1127	103	10102		
4067902238	10	106	1035	1132	1136	101	10100		
4067902239	11	106	1035	1132	1002	103	10034		
4067902240	11	106	1035	1132	1027	101	10320		
4067902241	11	106	1035	1132	1101	101	10312		
4068002242	10	106	1035	1133	1026	103	10437		
4068002243	10	106	1035	1133	1046	103	10038		
4068002244	10	106	1035	1133	1050	103	10438		
4068002245	10	106	1035	1133	1064	104	10439		
4068002246	10	106	1035	1133	1087	103	10232		
4068002247	10	106	1035	1133	1088	103	10431		
4068002248	10	106	1035	1133	1120	101	10430		
4068002249	10	106	1035	1133	1127	104	10112		
4068002250	10	106	1035	1133	1136	103	10441		
4068002251	11	106	1035	1133	1002	104	10442		
4068002252	11	106	1035	1133	1027	103	10323		
4068002253	11	106	1035	1133	1101	103	10315		
4068102254	10	106	1035	1134	1026	104	10443		
4068102255	10	106	1035	1134	1046	104	10444		
4068102256	10	106	1035	1134	1050	104	10445		
4068102257	10	106	1035	1134	1064	104	10439		
4068102258	10	106	1035	1134	1087	104	10236		
4068102259	10	106	1035	1134	1088	104	10446		
4068102260	10	106	1035	1134	1120	103	10447		
4068102261	10	106	1035	1134	1127	105	10448		
4068102262	10	106	1035	1134	1136	103	10028		
4068102263	11	106	1035	1134	1002	104	10461		
4068102264	11	106	1035	1134	1027	104	10327		
4068102265	11	106	1035	1134	1101	104	10424		
4070102266	10	106	1036	1135	1026	102	10449		
4070102267	10	106	1036	1135	1046	102	10004		
4070102268	10	106	1036	1135	1050	102	10427		
4070102269	10	106	1036	1135	1064	102	10428		
4070102270	10	106	1036	1135	1087	102	10204		
4070102271	10	106	1036	1135	1088	101	10429		
4070102272	10	106	1036	1135	1127	102	10092		
4070102273	10	106	1036	1135	1136	102	10018		
4070102274	11	106	1036	1135	1002	102	10081		
4070102275	11	106	1036	1135	1027	102	10050		
4070102276	11	106	1036	1135	1101	102	10308		
4070202277	10	106	1036	1136	1026	102	10449		
4070202278	10	106	1036	1136	1046	101	10019		
4070202279	10	106	1036	1136	1050	102	10427		
4070202280	10	106	1036	1136	1064	102	10428		
4070202281	10	106	1036	1136	1087	102	10204		
4070202282	10	106	1036	1136	1088	102	10450		
4070202283	10	106	1036	1136	1127	101	10095		
4070202284	10	106	1036	1136	1136	102	10018		
4070202285	11	106	1036	1136	1002	102	10420		
4070202286	11	106	1036	1136	1027	101	10320		
4070202287	11	106	1036	1136	1101	102	10308		
4070302288	10	106	1036	1137	1026	101	10455		
4070302289	10	106	1036	1137	1046	101	10019		
4070302290	10	106	1036	1137	1050	102	10427		
4070302291	10	106	1036	1137	1064	101	10433		
4070302292	10	106	1036	1137	1087	102	10204		
4070302293	10	106	1036	1137	1088	102	10450		
4070302294	10	106	1036	1137	1127	103	10102		
4070302295	10	106	1036	1137	1136	102	10018		
4070302296	11	106	1036	1137	1002	101	10001		
4070302297	11	106	1036	1137	1027	101	10320		
4070302298	11	106	1036	1137	1101	101	10312		
4070402299	10	106	1036	1138	1026	101	10432		
4070402300	10	106	1036	1138	1046	103	10038		
4070402301	10	106	1036	1138	1050	101	10457		
4070402302	10	106	1036	1138	1064	103	10436		
4070402303	10	106	1036	1138	1087	101	10215		
4070402304	10	106	1036	1138	1088	101	10429		
4070402305	10	106	1036	1138	1127	103	10102		
4070402306	10	106	1036	1138	1136	101	10100		
4070402307	11	106	1036	1138	1002	103	10034		
4070402308	11	106	1036	1138	1027	101	10320		
4070402309	11	106	1036	1138	1101	103	10315		
4070502310	10	106	1036	1139	1026	103	10437		
4070502311	10	106	1036	1139	1046	103	10038		
4070502312	10	106	1036	1139	1050	103	10438		
4070502313	10	106	1036	1139	1064	104	10439		
4070502314	10	106	1036	1139	1087	103	10232		
4070502315	10	106	1036	1139	1088	103	10431		
4070502316	10	106	1036	1139	1127	104	10112		
4070502317	10	106	1036	1139	1136	103	10243		
4070502318	11	106	1036	1139	1002	104	10461		
4070502319	11	106	1036	1139	1027	103	10323		
4070502320	11	106	1036	1139	1101	104	10424		
4070602321	10	106	1036	1140	1026	104	10443		
4070602322	10	106	1036	1140	1046	104	10444		
4070602323	10	106	1036	1140	1050	104	10445		
4070602324	10	106	1036	1140	1064	104	10439		
4070602325	10	106	1036	1140	1087	104	10236		
4070602326	10	106	1036	1140	1088	104	10446		
4070602327	10	106	1036	1140	1127	105	10448		
4070602328	10	106	1036	1140	1136	103	10243		
4070602329	11	106	1036	1140	1002	104	10442		
4070602330	11	106	1036	1140	1027	104	10327		
4070602331	11	106	1036	1140	1101	105	10452		
4072602332	10	106	1037	1141	1026	102	10449		
4072602333	10	106	1037	1141	1046	102	10004		
4072602334	10	106	1037	1141	1050	102	10427		
4072602335	10	106	1037	1141	1051	102	10454		
4072602336	10	106	1037	1141	1064	102	10428		
4072602337	10	106	1037	1141	1087	102	10204		
4072602338	10	106	1037	1141	1088	103	10431		
4072602339	10	106	1037	1141	1101	102	10308		
4072602340	10	106	1037	1141	1127	102	10092		
4072602341	10	106	1037	1141	1136	102	10018		
4072602342	11	106	1037	1141	1002	102	10420		
4072602343	11	106	1037	1141	1027	102	10050		
4072702344	10	106	1037	1142	1026	102	10449		
4072702345	10	106	1037	1142	1046	101	10019		
4072702346	10	106	1037	1142	1050	102	10427		
4072702347	10	106	1037	1142	1051	102	10454		
4072702348	10	106	1037	1142	1064	102	10428		
4072702349	10	106	1037	1142	1087	102	10204		
4072702350	10	106	1037	1142	1088	103	10431		
4072702351	10	106	1037	1142	1101	102	10308		
4072702352	10	106	1037	1142	1127	101	10095		
4072702353	10	106	1037	1142	1136	102	10018		
4072702354	11	106	1037	1142	1002	102	10420		
4072702355	11	106	1037	1142	1027	101	10320		
4072802356	10	106	1037	1143	1026	101	10455		
4072802357	10	106	1037	1143	1046	101	10019		
4072802358	10	106	1037	1143	1050	102	10427		
4072802359	10	106	1037	1143	1051	101	10456		
4072802360	10	106	1037	1143	1064	101	10433		
4072802361	10	106	1037	1143	1087	102	10204		
4072802362	10	106	1037	1143	1088	101	10429		
4072802363	10	106	1037	1143	1101	102	10308		
4072802364	10	106	1037	1143	1127	103	10102		
4072802365	10	106	1037	1143	1136	102	10018		
4072802366	11	106	1037	1143	1002	101	10001		
4072802367	11	106	1037	1143	1027	101	10320		
4072902368	10	106	1037	1144	1026	101	10455		
4072902369	10	106	1037	1144	1046	103	10038		
4072902370	10	106	1037	1144	1050	101	10435		
4072902371	10	106	1037	1144	1051	103	10458		
4072902372	10	106	1037	1144	1064	103	10436		
4072902373	10	106	1037	1144	1087	101	10215		
4072902374	10	106	1037	1144	1088	103	10431		
4072902375	10	106	1037	1144	1101	101	10312		
4072902376	10	106	1037	1144	1127	103	10102		
4072902377	10	106	1037	1144	1136	101	10100		
4072902378	11	106	1037	1144	1002	103	10034		
4072902379	11	106	1037	1144	1027	101	10320		
4073002380	10	106	1037	1145	1026	103	10437		
4073002381	10	106	1037	1145	1046	103	10038		
4073002382	10	106	1037	1145	1050	103	10438		
4073002383	10	106	1037	1145	1051	104	10460		
4073002384	10	106	1037	1145	1064	104	10439		
4073002385	10	106	1037	1145	1087	103	10232		
4073002386	10	106	1037	1145	1088	104	10446		
4073002387	10	106	1037	1145	1101	103	10315		
4073002388	10	106	1037	1145	1127	104	10112		
4073002389	10	106	1037	1145	1136	103	10441		
4073002390	11	106	1037	1145	1002	104	10442		
4073002391	11	106	1037	1145	1027	103	10323		
4073102392	10	106	1037	1146	1026	104	10443		
4073102393	10	106	1037	1146	1046	104	10444		
4073102394	10	106	1037	1146	1050	104	10445		
4073102395	10	106	1037	1146	1051	104	10460		
4073102396	10	106	1037	1146	1064	104	10439		
4073102397	10	106	1037	1146	1087	104	10236		
4073102398	10	106	1037	1146	1088	104	10446		
4073102399	10	106	1037	1146	1101	104	10424		
4073102400	10	106	1037	1146	1127	105	10448		
4073102401	10	106	1037	1146	1136	103	10243		
4073102402	11	106	1037	1146	1002	104	10103		
4073102403	11	106	1037	1146	1027	104	10327		
4075102404	10	106	1038	1147	1134	102	10462		
4075102405	10	106	1038	1147	1004	102	10463		
4075102406	10	106	1038	1147	1058	102	10464		
4075102407	10	106	1038	1147	1092	102	10453		
4075102408	10	106	1038	1147	1096	102	10465		
4075102409	10	106	1038	1147	1099	102	10466		
4075102410	11	106	1038	1147	1115	101	10467		
4075202411	10	106	1038	1148	1134	101	10468		
4075202412	10	106	1038	1148	1004	102	10463		
4075202413	10	106	1038	1148	1058	101	10469		
4075202414	10	106	1038	1148	1092	102	10453		
4075202415	10	106	1038	1148	1096	101	10470		
4075202416	10	106	1038	1148	1099	101	10471		
4075202417	11	106	1038	1148	1115	101	10467		
4075302418	10	106	1038	1149	1134	101	10468		
4075302419	10	106	1038	1149	1004	101	10472		
4075302420	10	106	1038	1149	1058	101	10469		
4075302421	10	106	1038	1149	1092	101	10473		
4075302422	10	106	1038	1149	1096	103	10474		
4075302423	10	106	1038	1149	1099	103	10459		
4075302424	11	106	1038	1149	1115	101	10467		
4075402425	10	106	1038	1150	1134	103	10475		
4075402426	10	106	1038	1150	1004	103	10476		
4075402427	10	106	1038	1150	1058	103	10477		
4075402428	10	106	1038	1150	1092	103	10478		
4075402429	10	106	1038	1150	1096	103	10474		
4075402430	10	106	1038	1150	1099	103	10459		
4075402431	11	106	1038	1150	1115	103	10319		
4075502432	10	106	1038	1151	1134	104	10451		
4075502433	10	106	1038	1151	1004	103	10476		
4075502434	10	106	1038	1151	1058	104	10479		
4075502435	10	106	1038	1151	1092	103	10478		
4075502436	10	106	1038	1151	1096	104	10480		
4075502437	10	106	1038	1151	1099	104	10481		
4075502438	11	106	1038	1151	1115	104	10482		
4075602439	10	106	1038	1152	1134	104	10451		
4075602440	10	106	1038	1152	1004	104	10483		
4075602441	10	106	1038	1152	1058	104	10479		
4075602442	10	106	1038	1152	1092	104	10484		
4075602443	10	106	1038	1152	1096	104	10480		
4075602444	10	106	1038	1152	1099	104	10481		
4075602445	11	106	1038	1152	1115	104	10482		
